Model Name,l2_regularization,learning_rate,max_depth,max_iter,max_leaf_nodes,min_samples_leaf
Hgbrt_BO_TPE,4.882661227674101,0.09735467377635554,17,245,39,25
Hgbrt_BO_GP,5.5228692775968575,0.1,20,250,40,25
Hgbrt_BO_CMAES,5.600415429538301,0.0999149265967532,17,250,39,25
Hgbrt_BO_TPE,4.882661227674101,0.09735467377635554,17,245,39,25
Hgbrt_BO_GP,5.5228692775968575,0.1,20,250,40,25
Hgbrt_BO_CMAES,5.600415429538301,0.0999149265967532,17,250,39,25
