Model Name,l2_regularization,learning_rate,max_depth,max_iter,max_leaf_nodes,min_samples_leaf
Hgbrt_BO_TPE,3.219077978242507,0.09486297443111365,17,128,38,25
Hgbrt_BO_GP,5.1614556696136376,0.05,20,250,40,25
Hgbrt_BO_CMAES,4.1738069548377705,0.09346635764774974,14,201,39,25
