Model Name,num_leaves,n_estimators,learning_rate,max_depth,min_data_in_leaf,lambda_l1,lambda_l2
LightGBM_BO_TPE,39,247,0.09723054512699408,16,25,3.2524553961951947,6.03890626168563
LightGBM_BO_GP,40,250,0.09,16,25,1.0,1.0
LightGBM_BO_CMAES,40,250,0.09898016426980019,13,25,3.5859987020577404,4.527531776294208
LightGBM_BO_TPE,40,247,0.09999552195937063,14,25,1.1125799168655095,1.9751455614066264
LightGBM_BO_GP,40,250,0.1,16,25,1.0,1.0
LightGBM_BO_CMAES,40,250,0.09950349416058717,17,25,1.6160768608777043,2.256667788066257
LightGBM_BO_TPE,40,245,0.09996678998542029,19,25,1.1111268271187937,2.960701928843496
