Model Name,learning_rate,num_iterations,num_leaves,max_depth,min_data_in_leaf,lambda_l2
LGBM_QIPSO,0.08308891064258775,107,41,21,20,0.5791052647537748
LightGBM_SMA,187,0.08518634042160694,29,12,25,2.6564025673413787,2.07622900394542
LightGBM_SMA,222,0.08037259006967794,28,15,30,2.75590305702306,1.782635958957708
LightGBM_SMA,225,0.06664278252410856,25,17,34,2.037370448315579,2.826927057142491
LGBM_QIPSO,0.04740492683172773,147,43,22,4,1.618618349108508
