Model Name,l2_regularization,learning_rate,max_depth,max_iter,max_leaf_nodes,min_samples_leaf
Hgbrt,0.0,0.1,0.0,100,31,20
Hgbrt_BO_TPE,0.6031559861993127,0.08613370213808248,17,239,44,11
Hgbrt_Grid,0,0.1,10,200,20,10
Hgbrt_Random,0.8,0.2,15,500,20,10
Hgbrt_BO_GP,0.38008950117408913,0.1732578383697781,18,496,18,6
Hgbrt_BO_HB,1.4442036335588735,0.15462755913204743,25,198,15,5
Hgbrt_PSO,0.7106819030034988,0.226923884318502,8,188,38,18
Hgbrt_Sma,0.1284459159761925,0.02,20,100,15,5

