Model Name,l2_regularization,learning_rate,max_depth,max_iter,max_leaf_nodes,min_samples_leaf
Hgbrt_bayesian,1.6175418433112505,0.08703171658310416,17,432,51,10
Hgbrt_grid,0.1,0.1,None,200,31,20
Hgbrt_random,10,50,400,None,0.05,0
Hgbrt_sma,0.210694618237548,421,43,11,12,1.2200822647534968
Hgbrt_sma_more,0.15893746457846422,170,54,17,11,1.540322399196691
Hgbrt_sma_new,0.060943448127012516,116,41,14,15,0.8624191784882412
