Model Name,l2_regularization,learning_rate,max_depth,max_iter,max_leaf_nodes,min_samples_leaf
Hgbrt_Grid,0.5,0.2,10,100,20,20
Hgbrt_Random,1,0.05,25,300,50,10
Hgbrt_BO_GP,0.8073136770047216,0.078112302002649,16,186,52,10
Hgbrt_BO_TPE,1.3198053688409885,0.04817864699950444,21,273,46,10
Hgbrt_BO_HB,0.32963060969749247,0.05424477803069537,20,279,48,12
Hgbrt_PSO,0.7106819030034988,0.226923884318502,8,188,38,18
Hgbrt_Sma,0.1284459159761925,0.02,20,100,15,5

