Model Name,n_estimators,max_depth,learning_rate,lambda,alpha,gamma,min_child_weight,max_leaves
XGBoost_GridSearch,200,15,0.15,2,2,0,25,20
XGBoost_RandomizedSearch,170,10,0.15,1,3,0.5,10,20
XGBoost_GridSearch,200,15,0.15,2,2,0,25,20
XGBoost_RandomizedSearch,170,10,0.15,1,3,0.5,10,20
XGBoost_BO_TPE,188,16,0.06312364985153819,1.7933608271750678,1.9786089181990647,1.0012751401936877,25,40
XGBoost_BO_GP,250,13,0.05,1.0,2.0,2.0,25,40
XGBoost_BO_CMAES,138,15,0.06854767189770057,1.6779589560190071,1.374981631096347,1.1012417221049549,25,40
